sigma,n_flipped,frac_flipped,flip_to_Normal_frac,flip_to_STEMI_frac,flip_to_NSTEMI_frac,flip_to_AFIB_frac,afib_attraction_ratio
0.0,0,0.0,0.0,0.0,0.0,0.0,
0.1,187,0.1094847775175644,0.016042780748663103,0.12299465240641712,0.4385026737967914,0.42245989304812837,1.6898395721925135
0.25,938,0.5491803278688525,0.005330490405117271,0.0031982942430703624,0.1929637526652452,0.7985074626865671,3.1940298507462686
0.5,1580,0.9250585480093677,0.0,0.0,0.10506329113924051,0.8949367088607595,3.579746835443038
1.0,1584,0.927400468384075,0.0,0.0,0.4154040404040404,0.5845959595959596,2.3383838383838382
2.0,1536,0.8992974238875878,0.0,0.0,0.7682291666666666,0.23177083333333334,0.9270833333333334
